,RMSE,MAE,R²
Decision Tree,0.0,0.0,1.0
Random Forest,6.896685767185612,4.444996784319199,0.9909209447597883
Gradient Boosting,11.305223370202597,7.432131321843326,0.975604030806402
Linear Regression,31.41005921100535,21.961665986837822,0.8116796332799132
SVR,13.294098056423753,5.58431675510269,0.9662652468508214
XGBRegressor,6.250536027932615,4.122234420626504,0.9925424820631328
AdaBoost Regressor,35.41368779884799,29.856710466781607,0.7606121580531044
