,RMSE,MAE,R²
Decision Tree,0.0,0.0,1.0
Random Forest,7.567275256745176,5.0633739257812485,0.9890695298104611
Gradient Boosting,14.830627731537536,10.671908525154757,0.9580164799706739
Linear Regression,29.72391698424053,20.999460900283253,0.8313556249170213
SVR,16.63181846123683,10.411589555677057,0.9471993519416146
XGBRegressor,11.54822809597609,8.44542042104176,0.974543980930119
AdaBoost Regressor,36.53854845501923,29.98325667261868,0.7451630715766933
