,RMSE,MAE,R²
Decision Tree,0.0,0.0,1.0
Random Forest,7.411327360251079,5.003892728097103,0.9895154022221543
Gradient Boosting,14.47373714164378,10.386198468642013,0.9600127863348643
Linear Regression,28.406328633215576,19.763344072811364,0.8459754334696399
SVR,16.204364602664928,10.12763722340824,0.9498785306983495
XGBRegressor,9.54717151451391,7.079905768517086,0.9826016032390188
AdaBoost Regressor,34.786787776569774,28.013794269170205,0.769012522353118
